ID_ALUMNO,NOMBRE,APELLIDO,EMAIL,TELEFONO,TIPO_DOCUMENTO,NUMERO_DOCUMENTO,FECHA_NACIMIENTO,FECHA_ALTA,FECHA_BAJA
1,Maximo,Escobar,maximo.escobar@gmail.com,+54 911 2449-2026,PASAPORTE,RFY154390,1996-12-26,2023-10-29 11:15:39,
2,Lautaro Benjamin,Gonzalez,lautaro.benjamin.gonzalez@gmail.com,+54 911 4208-3500,PASAPORTE,DML396189,1974-01-06,2023-10-29 15:23:56,
3,Emma,Gomez,emma.gomez@gmail.com,+54 911 1987-9522,PASAPORTE,DRZ583875,1982-12-08,2023-10-29 17:39:06,
4,Bruno,Sanchez,bruno.sanchez@gmail.com,+54 911 3242-8811,PASAPORTE,SRW149932,2005-10-29,2023-10-30 4:11:40,
5,Dante,Rivero,dante.rivero@gmail.com,+54 911 3989-5164,PASAPORTE,RCO819303,1966-04-20,2023-10-30 4:31:35,
6,Maria Guadalupe,Perez,maria.guadalupe.perez@gmail.com,+54 911 1488-8598,PASAPORTE,ZLB165950,1968-06-01,2023-10-30 17:47:35,
7,Alma,Romero,alma.romero@gmail.com,+54 911 6813-6297,PASAPORTE,KGT562444,1988-07-09,2023-10-30 19:58:27,
8,Martina,Chavez,martina.chavez@gmail.com,+54 911 6714-5374,PASAPORTE,DUI538821,1970-02-08,2023-11-02 21:42:59,
9,Guadalupe,Sosa,guadalupe.sosa@gmail.com,+54 911 6339-1937,PASAPORTE,YBT336668,1972-03-22,2023-11-03 0:31:48,
10,Ambar,Vega,ambar.vega@gmail.com,+54 911 9265-7982,PASAPORTE,WFV276076,1992-02-12,2023-11-05 7:28:17,
11,Victoria,Ferreyra,victoria.ferreyra@gmail.com,+54 911 9439-4384,PASAPORTE,PHM948808,1982-01-16,2023-11-06 12:09:20,
12,Francisco,Navarro,francisco.navarro@gmail.com,+54 911 3529-3703,DNI,46919702,2006-12-16,2023-11-08 7:51:31,
13,Mateo Benjamin,Luna,mateo.benjamin.luna@gmail.com,+54 911 3634-9439,PASAPORTE,GVE196278,1964-12-05,2023-11-09 8:02:06,
14,Benjamin,Sanchez,benjamin.sanchez@gmail.com,+54 911 4731-7464,PASAPORTE,ZGM103571,1969-01-25,2023-11-11 2:52:25,
15,Lautaro Benjamin,Peralta,lautaro.benjamin.peralta@gmail.com,+54 911 4313-1366,PASAPORTE,DPJ375268,1984-11-15,2023-11-12 19:51:11,
16,Giovanni,Fernandez,giovanni.fernandez@gmail.com,+54 911 7919-2027,PASAPORTE,RHU320148,2004-07-15,2023-11-14 18:54:28,
17,Lucia,Rodriguez,lucia.rodriguez@gmail.com,+54 911 5233-3058,PASAPORTE,EPB901427,1987-11-26,2023-11-15 16:01:29,
18,Violeta,Gonzalez,violeta.gonzalez@gmail.com,+54 911 8695-8814,DNI,45724274,2005-12-21,2023-11-16 16:58:26,
19,Dante,Diaz,dante.diaz@gmail.com,+54 911 1750-1965,PASAPORTE,ADU707716,1966-02-21,2023-11-18 22:58:20,
20,Sara,Olivera,sara.olivera@gmail.com,+54 911 2718-3506,PASAPORTE,AGY624274,1979-04-16,2023-11-19 6:40:33,
21,Valentino,Silva,valentino.silva@gmail.com,+54 911 3199-7758,PASAPORTE,JFJ312350,1985-07-24,2023-11-21 20:56:56,
22,Sofia,Garcia,sofia.garcia@gmail.com,+54 911 5995-9527,PASAPORTE,FZK889853,1976-03-05,2023-11-22 10:19:55,
23,Thiago Benjamin,Ponce,thiago.benjamin.ponce@gmail.com,+54 911 3853-8546,PASAPORTE,TUK767266,1983-09-20,2023-11-24 2:02:25,
24,Alma,Gomez,alma.gomez@gmail.com,+54 911 4717-9616,PASAPORTE,VSW896770,1984-11-15,2023-11-25 2:32:33,
25,Agustin,Avila,agustin.avila@gmail.com,+54 911 7738-8482,PASAPORTE,BCX669450,1995-11-08,2023-11-27 3:17:14,
26,Florencia,Aguirre,florencia.aguirre@gmail.com,+54 911 9607-7954,PASAPORTE,IML309161,2006-08-10,2023-11-28 7:49:18,
27,Facundo,Ruiz,facundo.ruiz@gmail.com,+54 911 5855-5421,PASAPORTE,LZS216245,1997-04-27,2023-12-02 12:20:07,
28,Tiziano,Arias,tiziano.arias@gmail.com,+54 911 7558-1916,PASAPORTE,GGM728463,1987-08-19,2023-12-04 7:53:35,
29,Isabel,Cabrera,isabel.cabrera@gmail.com,+54 911 7107-4127,PASAPORTE,ZWU497152,1969-07-25,2023-12-05 3:14:50,
30,Dante,Gutierrez,dante.gutierrez@gmail.com,+54 911 9766-5464,PASAPORTE,ICK680983,1969-09-23,2023-12-07 16:02:25,
31,Pedro,Gimenez,pedro.gimenez@gmail.com,+54 911 7941-1124,PASAPORTE,MIF625829,1977-01-24,2023-12-08 4:01:20,
32,Julieta,Lopez,julieta.lopez@gmail.com,+54 911 6464-2227,PASAPORTE,DBZ680774,1981-03-26,2023-12-10 13:47:17,
33,Emma,Ruiz,emma.ruiz@gmail.com,+54 911 1347-5715,PASAPORTE,BZJ474129,1985-09-15,2023-12-11 12:00:22,
34,Micaela,Vega,micaela.vega@gmail.com,+54 911 4513-2773,PASAPORTE,JYU331985,1964-09-26,2023-12-13 17:11:06,
35,Julia,Ruiz,julia.ruiz@gmail.com,+54 911 1336-7529,PASAPORTE,NYK147304,1975-03-31,2023-12-14 1:19:25,
36,Santiago,Rios,santiago.rios@gmail.com,+54 911 3303-6710,PASAPORTE,AXI312434,2005-05-20,2023-12-16 16:44:32,
37,Felipe,Farias,felipe.farias@gmail.com,+54 911 5072-4240,PASAPORTE,UMV692537,1993-11-20,2023-12-17 15:52:31,
38,Martina,Vega,martina.vega@gmail.com,+54 911 2184-7005,PASAPORTE,YPK849879,1975-05-31,2023-12-19 17:25:39,
39,Jazmin,Martinez,jazmin.martinez@gmail.com,+54 911 1228-6501,PASAPORTE,IIO803996,1968-02-14,2023-12-20 4:57:15,
40,Mia Valentina,Molina,mia.valentina.molina@gmail.com,+54 911 7366-7154,DNI,43494954,2003-02-07,2023-12-22 13:05:51,
41,Maximo,Rodriguez,maximo.rodriguez@gmail.com,+54 911 7573-4288,PASAPORTE,HAI381425,1976-12-31,2023-12-23 19:19:10,
42,Fausto,Perez,fausto.perez@gmail.com,+54 911 6253-6175,PASAPORTE,ITO777899,2007-01-11,2023-12-25 15:30:31,
43,Mateo Agustin,Gomez,mateo.agustin.gomez@gmail.com,+54 911 4796-5305,DNI,40803240,2000-10-14,2023-12-26 17:23:00,
44,Benjamin,Soria,benjamin.soria@gmail.com,+54 911 2197-6758,PASAPORTE,EPT631035,1979-03-31,2023-12-28 1:10:42,
45,Victoria,Gomez,victoria.gomez@gmail.com,+54 911 7110-1150,DNI,42324524,2001-12-19,2023-12-29 20:52:35,
46,Mateo Agustin,Garcia,mateo.agustin.garcia@gmail.com,+54 911 4440-4451,PASAPORTE,BXS109226,1999-01-18,2024-01-04 2:55:22,
47,Lara,Coronel,lara.coronel@gmail.com,+54 911 9153-7613,DNI,41455567,2000-12-23,2024-01-08 13:45:14,
48,Valentina,Diaz,valentina.diaz@gmail.com,+54 911 6051-7483,PASAPORTE,REQ107328,1970-11-29,2024-01-12 1:26:46,
49,Mia,Nunez,mia.nunez@gmail.com,+54 911 9680-2512,PASAPORTE,VCO944976,1980-04-03,2024-01-16 19:40:51,
50,Miguel Angel,Perez,miguel.angel.perez@gmail.com,+54 911 6707-2981,PASAPORTE,OXH669057,1981-10-21,2024-01-19 13:04:25,
51,Agostina,Gimenez,agostina.gimenez@gmail.com,+54 911 2390-9928,PASAPORTE,YXQ554641,1972-01-12,2024-01-23 17:19:55,
52,Valentina,Figueroa,valentina.figueroa@gmail.com,+54 911 4965-3543,PASAPORTE,HPV149449,1979-01-02,2024-01-27 20:46:31,
53,Malena,Cardozo,malena.cardozo@gmail.com,+54 911 7820-1953,PASAPORTE,LWC787926,1981-02-03,2024-02-05 5:04:17,
54,Lorenzo,Soto,lorenzo.soto@gmail.com,+54 911 7926-5945,PASAPORTE,MSJ723560,2006-08-11,2024-02-09 6:49:47,
55,Maria Victoria,Suarez,maria.victoria.suarez@gmail.com,+54 911 2701-1337,PASAPORTE,HZX372794,2006-12-01,2024-02-13 17:07:44,
56,Valentino,Cordoba,valentino.cordoba@gmail.com,+54 911 1767-9249,PASAPORTE,LOZ632269,1998-06-10,2024-02-17 7:06:35,
57,Emma,Martinez,emma.martinez@gmail.com,+54 911 6329-8013,DNI,45627895,2006-03-11,2024-02-21 12:36:23,
58,Ema,Castro,ema.castro@gmail.com,+54 911 3295-8671,PASAPORTE,KMQ982629,1977-09-20,2024-02-25 17:18:42,
59,Ana Paula,Roldan,ana.paula.roldan@gmail.com,+54 911 6077-1349,PASAPORTE,OUZ396151,2000-06-07,2024-03-05 11:52:51,
60,Benjamin Alejandro,Ruiz,benjamin.alejandro.ruiz@gmail.com,+54 911 8397-1509,PASAPORTE,EMQ910840,2006-08-24,2024-03-09 2:26:13,
61,Simon,Toledo,simon.toledo@gmail.com,+54 911 7928-3145,PASAPORTE,NFB204280,1986-07-03,2024-03-13 21:30:45,
62,Antonio,Vera,antonio.vera@gmail.com,+54 911 7795-5283,PASAPORTE,WUQ404982,1973-11-22,2024-03-18 11:21:52,
63,Emma,Gonzalez,emma.gonzalez@gmail.com,+54 911 8253-2152,PASAPORTE,XWK280643,1973-09-25,2024-03-22 10:16:55,
64,Constanza,Duarte,constanza.duarte@gmail.com,+54 911 7821-4909,PASAPORTE,PFX447750,1966-06-21,2024-03-26 6:54:22,
65,Martina,Duarte,martina.duarte@gmail.com,+54 911 1987-1471,PASAPORTE,CCJ039847,1984-03-07,2024-04-05 4:27:29,
66,Antonio,Medina,antonio.medina@gmail.com,+54 911 3683-3849,PASAPORTE,KAN599117,1971-02-22,2024-04-09 8:51:10,
67,Lorenzo,Paez,lorenzo.paez@gmail.com,+54 911 5279-8291,PASAPORTE,ZPU262524,1985-02-08,2024-04-13 5:48:33,
68,Juan Cruz,Gonzalez,juan.cruz.gonzalez@gmail.com,+54 911 4863-5010,PASAPORTE,USI275771,1985-08-06,2024-04-17 2:17:38,
69,Juan Manuel,Ledesma,juan.manuel.ledesma@gmail.com,+54 911 8202-8350,PASAPORTE,SQW288565,1989-06-23,2024-04-21 3:12:27,
70,Felipe,Nunez,felipe.nunez@gmail.com,+54 911 9400-6790,PASAPORTE,IJY543726,1981-02-15,2024-04-25 14:34:06,
71,Benjamin Alejandro,Romero,benjamin.alejandro.romero@gmail.com,+54 911 1281-2615,PASAPORTE,ORJ648427,1976-11-08,2024-05-05 20:59:36,
72,Augusto,Martinez,augusto.martinez@gmail.com,+54 911 9942-2919,PASAPORTE,RPM341261,1980-03-01,2024-05-09 10:10:20,
73,Lautaro,Juarez,lautaro.juarez@gmail.com,+54 911 9739-4697,PASAPORTE,UST045100,1998-12-05,2024-05-13 16:03:33,
74,Franco,Rodriguez,franco.rodriguez@gmail.com,+54 911 7643-4755,PASAPORTE,TEL720273,2001-03-18,2024-05-18 8:13:20,
75,Franco,Garcia,franco.garcia@gmail.com,+54 911 5911-9377,PASAPORTE,TRP395609,1994-09-15,2024-05-22 15:47:27,
76,Bautista,Maidana,bautista.maidana@gmail.com,+54 911 5523-7226,PASAPORTE,WKB230722,1987-03-14,2024-05-26 11:05:34,
77,Emilia,Perez,emilia.perez@gmail.com,+54 911 3951-1838,PASAPORTE,ESW453186,1999-01-13,2024-06-02 10:41:36,
78,Victoria,Ruiz,victoria.ruiz@gmail.com,+54 911 3902-6095,DNI,41390183,2001-01-13,2024-06-03 15:29:04,
79,Elena,Luna,elena.luna@gmail.com,+54 911 1291-9324,PASAPORTE,JSW281164,2007-02-19,2024-06-05 12:51:02,
80,Ramiro,Rivero,ramiro.rivero@gmail.com,+54 911 4892-8963,PASAPORTE,EQZ808956,2003-10-31,2024-06-06 0:15:30,
81,Ramiro,Castillo,ramiro.castillo@gmail.com,+54 911 7502-1523,PASAPORTE,BTU950105,2002-06-23,2024-06-08 6:29:25,
82,Juan Cruz,Ruiz,juan.cruz.ruiz@gmail.com,+54 911 3474-8117,PASAPORTE,WIQ693214,1996-02-06,2024-06-09 8:20:41,
83,Ciro,Cordoba,ciro.cordoba@gmail.com,+54 911 7522-6926,PASAPORTE,XJV410108,1991-06-16,2024-06-11 5:37:35,
84,Constanza,Godoy,constanza.godoy@gmail.com,+54 911 5310-7695,PASAPORTE,ZFC122434,1988-06-17,2024-06-12 11:21:56,
85,Valentino,Molina,valentino.molina@gmail.com,+54 911 6241-7732,PASAPORTE,MET568630,1966-06-09,2024-06-14 11:56:09,
86,Lara,Munoz,lara.munoz@gmail.com,+54 911 4779-3771,PASAPORTE,REH068469,1990-04-07,2024-06-15 14:36:58,
87,Bautista,Diaz,bautista.diaz@gmail.com,+54 911 7011-7262,PASAPORTE,IGQ784398,1989-10-19,2024-06-16 7:23:14,
88,Catalina,Martinez,catalina.martinez@gmail.com,+54 911 6052-3419,PASAPORTE,RHY752489,1993-04-12,2024-06-18 0:00:11,
89,Sebastian,Escobar,sebastian.escobar@gmail.com,+54 911 4734-5939,DNI,41324844,2000-09-25,2024-06-19 18:16:18,
90,Carmela,Paez,carmela.paez@gmail.com,+54 911 6068-4580,PASAPORTE,HPE844204,1978-03-09,2024-06-21 20:41:13,
91,Thiago Nicolas,Alvarez,thiago.nicolas.alvarez@gmail.com,+54 911 1389-1497,PASAPORTE,LLI809673,1983-11-21,2024-06-22 10:07:44,
92,Sebastian,Gonzalez,sebastian.gonzalez@gmail.com,+54 911 1592-9107,PASAPORTE,WOY067888,2007-03-08,2024-06-24 4:06:42,
93,Felipe,Blanco,felipe.blanco@gmail.com,+54 911 3657-9380,PASAPORTE,EVY325284,1989-02-25,2024-06-25 17:33:01,
94,Renata,Benitez,renata.benitez@gmail.com,+54 911 5720-3197,PASAPORTE,MGU817763,1992-06-17,2024-06-27 1:16:02,
95,Catalina,Diaz,catalina.diaz@gmail.com,+54 911 3000-6072,PASAPORTE,SCR431187,1982-03-07,2024-06-28 20:15:25,
96,Lucia,Figueroa,lucia.figueroa@gmail.com,+54 911 5815-6118,PASAPORTE,NGT960402,1978-06-16,2024-07-02 10:11:40,
97,Catalina,Aguero,catalina.aguero@gmail.com,+54 911 2699-6724,PASAPORTE,ELN453429,1984-02-22,2024-07-04 3:10:20,
98,Juan,Gonzalez,juan.gonzalez@gmail.com,+54 911 2274-7418,PASAPORTE,POQ365459,1997-10-14,2024-07-05 22:52:03,
99,Juan Ignacio,Diaz,juan.ignacio.diaz@gmail.com,+54 911 8050-5762,PASAPORTE,JEN198141,1996-11-24,2024-07-07 18:20:11,
100,Luz Maria,Gomez,luz.maria.gomez@gmail.com,+54 911 9509-8604,PASAPORTE,XBX702022,1978-08-23,2024-07-08 11:49:26,
101,Francesca,Gomez,francesca.gomez@gmail.com,+54 911 9598-9825,PASAPORTE,YRQ034537,1990-09-24,2024-07-10 8:15:19,
102,Juan Ignacio,Carrizo,juan.ignacio.carrizo@gmail.com,+54 911 2702-8034,PASAPORTE,WHD692814,1990-02-21,2024-07-11 14:17:30,
103,Ambar,Luna,ambar.luna@gmail.com,+54 911 4715-7150,PASAPORTE,YJS940123,1997-03-16,2024-07-13 4:01:24,
104,Simon,Suarez,simon.suarez@gmail.com,+54 911 9983-8030,PASAPORTE,FAQ923974,1997-10-11,2024-07-14 22:32:33,
105,Camila,Martin,camila.martin@gmail.com,+54 911 1145-7284,PASAPORTE,GGZ719887,1969-02-20,2024-07-16 11:47:30,
106,Ema,Moreno,ema.moreno@gmail.com,+54 911 6652-6132,PASAPORTE,YUK929457,1977-03-04,2024-07-17 16:23:35,
107,Santiago,Cabrera,santiago.cabrera@gmail.com,+54 911 3139-6989,PASAPORTE,ZDI873161,1996-01-08,2024-07-19 1:54:44,
108,Valentino,Godoy,valentino.godoy@gmail.com,+54 911 7933-3413,PASAPORTE,NMX114564,1990-03-21,2024-07-20 0:02:45,
109,Lara,Ledesma,lara.ledesma@gmail.com,+54 911 1321-7401,PASAPORTE,OIR145765,1965-01-04,2024-07-22 13:32:18,
110,Mateo,Avila,mateo.avila@gmail.com,+54 911 5072-7715,PASAPORTE,FQR077195,1979-01-09,2024-07-23 8:52:06,
111,Mateo Agustin,Diaz,mateo agustin.diaz@gmail.com,+54 911 6362-8028,DNI,46177360,2006-01-24,2024-07-25 16:50:17,
112,Facundo,Mansilla,facundo.mansilla@gmail.com,+54 911 2301-2608,PASAPORTE,OZK476729,1982-10-29,2024-07-26 6:02:35,
113,Lautaro,Vazquez,lautaro.vazquez@gmail.com,+54 911 9514-5202,PASAPORTE,IJQ631357,1985-08-15,2024-07-28 17:22:27,
114,Mateo Benjamin,Gonzalez,mateo.benjamin.gonzalez@gmail.com,+54 911 2191-8437,PASAPORTE,OKV973697,1996-04-03,2024-07-29 0:02:05,
115,Lautaro,Soria,lautaro.soria@gmail.com,+54 911 1161-3475,PASAPORTE,TJE013468,1965-01-11,2024-08-05 8:31:17,
116,Joaquin,Molina,joaquin.molina@gmail.com,+54 911 9254-7363,PASAPORTE,NSA519705,1990-10-19,2024-08-09 21:48:26,
117,Benjamin,Benitez,benjamin.benitez@gmail.com,+54 911 2169-8728,PASAPORTE,TJM540534,1972-06-24,2024-08-13 2:12:00,
118,Emma,Flores,emma.flores@gmail.com,+54 911 2883-2587,PASAPORTE,HOC872534,1974-03-26,2024-08-18 20:47:30,
119,Juan Cruz,Perez,juan.cruz.perez@gmail.com,+54 911 6265-4952,PASAPORTE,KPU456558,1996-09-26,2024-08-22 16:16:02,
120,Sebastian,Ortiz,sebastian.ortiz@gmail.com,+54 911 7790-4100,PASAPORTE,MQD649026,1994-11-10,2024-08-26 15:12:33,
121,Francisco,Lopez,francisco.lopez@gmail.com,+54 911 7884-6618,PASAPORTE,SCP294371,1970-03-20,2024-09-05 19:57:19,
122,Lautaro,Aguirre,lautaro.aguirre@gmail.com,+54 911 2764-3664,DNI,43443507,2003-03-27,2024-09-09 21:08:06,
123,Sofia,Hernandez,sofia.hernandez@gmail.com,+54 911 9519-2446,PASAPORTE,TOW474941,1979-06-13,2024-09-13 3:04:18,
124,Agustin,Mansilla,agustin.mansilla@gmail.com,+54 911 3382-7740,PASAPORTE,TSS030179,1986-04-28,2024-09-17 18:09:31,
125,Ian Ezequiel,Ferreyra,ian.ezequiel.ferreyra@gmail.com,+54 911 3687-1980,PASAPORTE,OEZ052429,1997-10-22,2024-09-21 12:24:22,
126,Gael,Leiva,gael.leiva@gmail.com,+54 911 9665-8383,PASAPORTE,QRP573045,1965-05-30,2024-09-25 21:20:04,
127,Ian Ezequiel,Lopez,ian.ezequiel.lopez@gmail.com,+54 911 5281-1306,PASAPORTE,WOR683528,1977-09-25,2024-10-05 23:03:23,
128,Valentino,Silva,valentino.silva@gmail.com,+54 911 3659-7940,DNI,44157921,2004-02-14,2024-10-09 18:25:57,
129,Maria Paz,Fernandez,maria.paz.fernandez@gmail.com,+54 911 6780-6608,PASAPORTE,XQE665456,2001-03-05,2024-10-13 2:54:37,
130,Salvador,Carrizo,salvador.carrizo@gmail.com,+54 911 5205-4279,DNI,42546339,2003-06-03,2024-10-18 9:41:05,
131,Juan Bautista,Martinez,juan.bautista.martinez@gmail.com,+54 911 2009-6894,DNI,44719698,2005-02-03,2024-10-22 18:21:45,
132,Thiago Benjamin,Nunez,thiago.benjamin.nunez@gmail.com,+54 911 7616-2825,PASAPORTE,JWV667001,1992-12-06,2024-10-26 3:16:51,
133,Felipe,Ponce,felipe.ponce@gmail.com,+54 911 6208-3216,PASAPORTE,QHH115432,1998-02-06,2024-11-02 2:25:55,
134,Genaro,Ramirez,genaro.ramirez@gmail.com,+54 911 4647-8012,PASAPORTE,NWA844012,1998-02-23,2024-11-03 7:01:05,
135,Jeronimo,Rojas,jeronimo.rojas@gmail.com,+54 911 6686-7185,PASAPORTE,DSU950528,1978-03-01,2024-11-05 5:35:19,
136,Maria Victoria,Ferreyra,maria.victoria.ferreyra@gmail.com,+54 911 8425-5304,PASAPORTE,ZGL881953,1971-07-04,2024-11-06 1:10:56,
137,Bianca,Pereyra,bianca.pereyra@gmail.com,+54 911 8740-6775,PASAPORTE,GVK546245,2001-02-16,2024-11-08 12:59:56,
138,Constanza,Fernandez,constanza.fernandez@gmail.com,+54 911 2790-4228,PASAPORTE,FBR203583,1979-11-01,2024-11-09 19:39:49,
139,Milena,Fernandez,milena.fernandez@gmail.com,+54 911 6513-5328,PASAPORTE,MQD757803,1973-08-02,2024-11-11 17:02:26,
140,Benjamin,Hernandez,benjamin.hernandez@gmail.com,+54 911 5340-6374,DNI,41991598,2001-11-11,2024-11-12 22:37:08,
141,Faustino,Caceres,faustino.caceres@gmail.com,+54 911 6398-2435,PASAPORTE,OIQ060376,2005-05-31,2024-11-14 22:52:30,
142,Mora,Acosta,mora.acosta@gmail.com,+54 911 3359-3253,PASAPORTE,QCC147800,1993-07-29,2024-11-15 16:54:57,
143,Pedro,Gonzalez,pedro.gonzalez@gmail.com,+54 911 5881-3265,PASAPORTE,ZDO540898,1965-08-22,2024-11-16 16:19:27,
144,Antonella,Ruiz,antonella.ruiz@gmail.com,+54 911 4400-1847,PASAPORTE,QWC104238,1985-07-28,2024-11-18 16:00:31,
145,Luciano,Blanco,luciano.blanco@gmail.com,+54 911 6773-8356,PASAPORTE,UKV134744,1999-02-19,2024-11-19 21:44:05,
146,Bautista,Gutierrez,bautista.gutierrez@gmail.com,+54 911 3109-2338,PASAPORTE,THR962306,1972-06-01,2024-11-21 18:03:24,
147,Santiago,Gutierrez,santiago.gutierrez@gmail.com,+54 911 2640-4275,PASAPORTE,TUV541960,1979-02-04,2024-11-22 5:19:08,
148,Lautaro Ezequiel,Hernandez,lautaro.ezequiel.hernandez@gmail.com,+54 911 3840-4526,PASAPORTE,LYB748569,2002-06-28,2024-11-24 12:51:57,
149,Pedro,Benitez,pedro.benitez@gmail.com,+54 911 1427-4041,PASAPORTE,ICV569550,1979-06-24,2024-11-25 16:35:42,
150,Valentina,Cruz,valentina.cruz@gmail.com,+54 911 5708-1725,PASAPORTE,WCE169190,1993-03-14,2024-11-27 14:19:45,
151,Benjamin,Lopez,benjamin.lopez@gmail.com,+54 911 5597-7447,PASAPORTE,LGW360779,1993-05-23,2024-11-28 2:29:36,
152,Alma Mia,Garcia,alma.mia.garcia@gmail.com,+54 911 6683-2444,PASAPORTE,MKD084627,1982-12-10,2024-12-02 6:59:47,
153,Benjamin,Diaz,benjamin.diaz@gmail.com,+54 911 9377-4359,PASAPORTE,OKU000178,1991-06-05,2024-12-04 0:34:58,
154,Mateo Joaquin,Lopez,mateo.joaquin.lopez@gmail.com,+54 911 4947-1853,PASAPORTE,HPY875030,1971-01-21,2024-12-05 7:05:49,
155,Micaela,Luna,micaela.luna@gmail.com,+54 911 2712-1487,PASAPORTE,OCJ063943,2005-09-06,2024-12-07 6:50:27,
156,Lucia,Garcia,lucia.garcia@gmail.com,+54 911 2717-6607,PASAPORTE,JQK054505,1986-07-17,2024-12-08 21:05:07,
157,Rosario,Cabrera,rosario.cabrera@gmail.com,+54 911 7260-5226,PASAPORTE,TBA994949,1993-12-02,2024-12-10 16:51:44,
158,Martina,Fernandez,martina.fernandez@gmail.com,+54 911 9608-3465,PASAPORTE,PHF733079,1998-02-14,2024-12-11 7:12:37,
159,Joaquin,Molina,joaquin.molina@gmail.com,+54 911 7548-2458,PASAPORTE,YXW259937,1985-06-10,2024-12-13 21:46:45,
160,Alejo,Gimenez,alejo.gimenez@gmail.com,+54 911 8267-2506,PASAPORTE,SDR833099,1990-07-01,2024-12-14 10:41:57,
161,Lautaro,Acuna,lautaro.acuna@gmail.com,+54 911 2962-3699,PASAPORTE,RJS478172,1996-08-07,2024-12-16 23:01:09,
162,Juan Ignacio,Fernandez,juan.ignacio.fernandez@gmail.com,+54 911 3182-9836,DNI,40019952,1999-09-02,2024-12-17 11:00:40,
163,Francisco,Sanchez,francisco.sanchez@gmail.com,+54 911 5579-1104,PASAPORTE,JSA656353,1981-04-23,2024-12-19 21:54:57,
164,Maria Emilia,Torres,maria.emilia.torres@gmail.com,+54 911 5322-5937,PASAPORTE,BQH898399,1979-03-24,2024-12-20 12:27:56,
165,Martina,Alvarez,martina.alvarez@gmail.com,+54 911 4775-4750,PASAPORTE,GIZ780289,1999-10-28,2024-12-22 0:33:34,
166,Pedro,Medina,pedro.medina@gmail.com,+54 911 9799-2101,PASAPORTE,ZJI428590,1981-07-26,2024-12-23 0:45:34,
167,Lucas,Aguirre,lucas.aguirre@gmail.com,+54 911 9165-5044,PASAPORTE,JSE463491,1967-11-22,2024-12-25 12:29:11,
168,Juan David,Martinez,juan.david.martinez@gmail.com,+54 911 5386-2949,PASAPORTE,NYQ065252,1966-05-14,2024-12-26 12:48:21,
169,Manuel,Luna,manuel.luna@gmail.com,+54 911 5836-1269,PASAPORTE,IRV582247,1979-07-26,2024-12-28 22:55:59,
170,Valentina,Paez,valentina.paez@gmail.com,+54 911 4382-2438,PASAPORTE,PVO364063,1965-01-06,2024-12-29 7:12:52,2025-09-18 17:20:03
171,Martin,Lopez,martin.lopez@gmail.com,+54 911 8428-3237,PASAPORTE,VJX335494,1974-05-01,2025-01-05 5:17:59,
172,Tomas,Garcia,tomas.garcia@gmail.com,+54 911 7918-8160,PASAPORTE,CDU848442,1988-02-28,2025-01-09 17:34:35,
173,Juan Bautista,Diaz,juan.bautista.diaz@gmail.com,+54 911 2803-4766,PASAPORTE,UCG846908,1974-06-03,2025-01-13 15:32:09,
174,Dylan Benjamin,Ramirez,dylan.benjamin.ramirez@gmail.com,+54 911 2298-4115,PASAPORTE,EDK230410,1978-04-10,2025-01-18 19:30:40,
175,Samuel,Vera,samuel.vera@gmail.com,+54 911 1499-5722,PASAPORTE,MUS203040,1983-10-23,2025-01-22 23:08:53,
176,Gael,Garcia,gael.garcia@gmail.com,+54 911 4983-8944,PASAPORTE,LBH631440,1991-06-12,2025-01-26 19:13:32,
177,Victoria,Ayala,victoria.ayala@gmail.com,+54 911 5897-4806,PASAPORTE,JZL868215,1965-01-28,2025-02-04 21:22:29,
178,Alexander,Herrera,alexander.herrera@gmail.com,+54 911 2790-9788,PASAPORTE,UYS796204,2006-01-14,2025-02-08 0:38:33,
179,Lautaro,Sanchez,lautaro.sanchez@gmail.com,+54 911 9253-5165,PASAPORTE,IZG884033,1995-06-16,2025-02-12 18:40:52,
180,Felipe,Perez,felipe.perez@gmail.com,+54 911 9408-9031,DNI,45895608,2006-04-25,2025-02-16 12:32:01,
181,Elena,Fernandez,elena.fernandez@gmail.com,+54 911 2379-8824,PASAPORTE,UUI802387,2000-10-09,2025-02-20 18:46:18,
182,Bautista,Vera,bautista.vera@gmail.com,+54 911 7126-8799,PASAPORTE,KYH836905,1997-11-08,2025-02-24 7:56:39,
183,Emilia,Lopez,emilia.lopez@gmail.com,+54 911 6729-7309,DNI,46844667,2006-07-07,2025-03-05 1:32:46,
184,Lola,Sosa,lola.sosa@gmail.com,+54 911 7172-7271,PASAPORTE,YLD461835,1994-01-17,2025-03-09 0:25:02,
185,Mia Valentina,Gimenez,mia.valentina.gimenez@gmail.com,+54 911 7250-8227,PASAPORTE,DIX970758,2007-01-23,2025-03-13 19:30:04,
186,Milo,Cruz,milo.cruz@gmail.com,+54 911 4149-3618,PASAPORTE,NTP937579,1990-03-12,2025-03-18 22:14:09,
187,Maite,Mendez,maite.mendez@gmail.com,+54 911 5347-6232,PASAPORTE,EUK424728,1970-01-05,2025-03-22 15:05:51,
188,Maria Victoria,Castillo,maria.victoria.castillo@gmail.com,+54 911 6419-9700,DNI,40770880,2000-09-23,2025-03-26 6:03:49,
189,Bautista,Torres,bautista.torres@gmail.com,+54 911 8312-3248,PASAPORTE,PJK776026,1970-12-26,2025-04-05 7:45:25,
190,Vicente,Lopez,vicente.lopez@gmail.com,+54 911 4240-9490,PASAPORTE,XHG915152,2002-07-24,2025-04-09 7:10:59,
191,Valentino,Soria,valentino.soria@gmail.com,+54 911 5891-7961,PASAPORTE,CBR377283,1968-11-21,2025-04-13 23:37:36,
192,Mateo Benjamin,Vega,mateo.benjamin.vega@gmail.com,+54 911 8960-7075,PASAPORTE,VVR530523,1982-02-05,2025-04-17 16:30:20,
193,Mora,Quiroga,mora.quiroga@gmail.com,+54 911 2063-7901,PASAPORTE,QPL980906,1990-05-30,2025-04-21 4:21:15,
194,Paula,Alvarez,paula.alvarez@gmail.com,+54 911 7148-7325,DNI,42076122,2002-03-08,2025-04-25 23:27:32,
195,Oriana,Romero,oriana.romero@gmail.com,+54 911 8151-7278,PASAPORTE,SBM919186,1971-09-08,2025-05-05 14:52:13,
196,Santino,Medina,santino.medina@gmail.com,+54 911 2548-8358,PASAPORTE,CBA319458,1968-07-14,2025-05-09 6:31:38,
197,Giuliana,Gonzalez,giuliana.gonzalez@gmail.com,+54 911 9691-8767,PASAPORTE,MXR773159,1996-08-02,2025-05-13 23:56:45,
198,Juan,Juarez,juan.juarez@gmail.com,+54 911 2565-2452,PASAPORTE,QQX100926,1979-11-08,2025-05-17 5:15:08,2025-09-09 2:14:09
199,Santino,Benitez,santino.benitez@gmail.com,+54 911 2333-1625,PASAPORTE,TTD713876,1986-06-28,2025-05-21 11:38:54,
200,Josefina,Acuna,josefina.acuna@gmail.com,+54 911 7861-2390,PASAPORTE,QRW934385,1998-03-23,2025-05-25 12:09:43,2025-09-23 11:09:45